{"cameraMode":{"drawMode":0,"name":"Shaded","section":"Shading Mode"},"sceneLighting":true,"audioPlay":false,"sceneViewState":{"m_AlwaysRefresh":false,"showFog":false,"showSkybox":true,"showFlares":true,"showImageEffects":true,"showParticleSystems":true,"showVisualEffectGraphs":true,"m_FxEnabled":true},"in2DMode":false,"pivot":{"x":557.4573364257813,"y":4.23702335357666,"z":1.4870777130126954},"rotation":{"x":-0.010809511877596379,"y":0.0050973109900951389,"z":-0.00005537875404115766,"w":-0.999931275844574},"size":18.66632652282715,"orthographic":true}