{"cameraMode":{"drawMode":0,"name":"Shaded","section":"Shading Mode"},"sceneLighting":true,"audioPlay":false,"sceneViewState":{"m_AlwaysRefresh":false,"showFog":false,"showSkybox":true,"showFlares":true,"showImageEffects":true,"showParticleSystems":true,"showVisualEffectGraphs":true,"m_FxEnabled":true},"in2DMode":false,"pivot":{"x":169.13682556152345,"y":14.624898910522461,"z":-65.29169464111328},"rotation":{"x":-0.006307532079517841,"y":-0.02789916656911373,"z":0.00017130353080574423,"w":-0.9996033310890198},"size":92.94256591796875,"orthographic":true}