{"cameraMode":{"drawMode":0,"name":"Shaded","section":"Shading Mode"},"sceneLighting":true,"audioPlay":false,"sceneViewState":{"m_AlwaysRefresh":false,"showFog":false,"showSkybox":true,"showFlares":true,"showImageEffects":true,"showParticleSystems":true,"showVisualEffectGraphs":true,"m_FxEnabled":true},"in2DMode":false,"pivot":{"x":96.35747528076172,"y":11.107477188110352,"z":11.571878433227539},"rotation":{"x":-0.04071974381804466,"y":0.06200546771287918,"z":-0.0025315568782389166,"w":-0.9972430467605591},"size":59.10218048095703,"orthographic":true}