{"cameraMode":{"drawMode":0,"name":"Shaded","section":"Shading Mode"},"sceneLighting":true,"audioPlay":false,"sceneViewState":{"m_AlwaysRefresh":false,"showFog":false,"showSkybox":true,"showFlares":true,"showImageEffects":true,"showParticleSystems":true,"showVisualEffectGraphs":true,"m_FxEnabled":true},"in2DMode":false,"pivot":{"x":344.8255615234375,"y":-0.11700767278671265,"z":-0.23082411289215089},"rotation":{"x":-0.021826444193720819,"y":-0.9269230365753174,"z":0.054573751986026767,"w":-0.3706476390361786},"size":4.397940158843994,"orthographic":true}