{"cameraMode":{"drawMode":0,"name":"Shaded","section":"Shading Mode"},"sceneLighting":false,"audioPlay":false,"sceneViewState":{"m_AlwaysRefresh":false,"showFog":false,"showSkybox":false,"showFlares":false,"showImageEffects":false,"showParticleSystems":false,"showVisualEffectGraphs":true,"m_FxEnabled":true},"in2DMode":false,"pivot":{"x":0.001498103141784668,"y":2.58733868598938,"z":0.21812543272972108},"rotation":{"x":-0.057033173739910129,"y":-0.09212498366832733,"z":0.005287638865411282,"w":-0.9941068887710571},"size":1.9766979217529297,"orthographic":false}